{"config": {"pkg": "./omp_decomposicaoLU", "execdate": "19-12-2022_01:46:20", "command": "./pascalanalyzer -c 2,4,8,16 -i 4000,6000,8000,12000,16000 ./omp_decomposicaoLU -o omp_decomposicaoLU_teste1.json", "hostname": "r1i1n4", "kernel": "Linux-4.18.0-348.20.1.el8_5.x86_64-x86_64-with-glibc2.14", "disable_hyperthread": false, "auto_instrumentation": false, "idle_time": 0, "data_descriptor": {"values": ["start_time", "stop_time"], "keys": ["cores", "input", "repetitions"]}, "disable_cores": false, "discard_ompnt": true, "arguments": ["8000", "4000", "16000", "12000", "6000"]}, "data": {"16;0;1": {"start_time": 1671425180.4927504, "stop_time": 1671425221.2343173}, "16;1;1": {"start_time": 1671425221.23542, "stop_time": 1671425329.088896}, "16;2;1": {"start_time": 1671425329.0899568, "stop_time": 1671425543.2679865}, "16;3;1": {"start_time": 1671425543.269006, "stop_time": 1671426143.2782013}, "16;4;1": {"start_time": 1671426143.279284, "stop_time": 1671427445.7525334}, "8;0;1": {"start_time": 1671427445.7536435, "stop_time": 1671427477.262689}, "8;1;1": {"start_time": 1671427477.2635658, "stop_time": 1671427561.9172225}, "8;2;1": {"start_time": 1671427561.9183686, "stop_time": 1671427741.2564194}, "8;3;1": {"start_time": 1671427741.2577019, "stop_time": 1671428266.3675945}, "8;4;1": {"start_time": 1671428266.3686545, "stop_time": 1671429412.2082083}, "4;0;1": {"start_time": 1671429412.2093194, "stop_time": 1671429447.2937913}, "4;1;1": {"start_time": 1671429447.2946665, "stop_time": 1671429552.71182}, "4;2;1": {"start_time": 1671429552.7129369, "stop_time": 1671429786.314519}, "4;3;1": {"start_time": 1671429786.3155997, "stop_time": 1671430541.2316408}, "4;4;1": {"start_time": 1671430541.232735, "stop_time": 1671432276.693132}, "2;0;1": {"start_time": 1671432276.694225, "stop_time": 1671432330.6836102}, "2;1;1": {"start_time": 1671432330.684489, "stop_time": 1671432501.3800714}, "2;2;1": {"start_time": 1671432501.3811533, "stop_time": 1671432899.2394972}, "2;3;1": {"start_time": 1671432899.2405949, "stop_time": 1671434174.7734413}, "2;4;1": {"start_time": 1671434174.7744968, "stop_time": 1671437129.2074568}, "1;0;1": {"start_time": 1671412374.5774605, "stop_time": 1671412461.6882493}, "1;1;1": {"start_time": 1671412505.1754847, "stop_time": 1671412797.2137866}, "1;2;1": {"start_time": 1671412898.1235232, "stop_time": 1671413582.860744}, "1;3;1": {"start_time": 1671413922.2379448, "stop_time": 1671416216.927065}, "1;4;1": {"start_time": 1671417050.308985, "stop_time": 1671422470.015795}}}
